lifecycle_stage,n_need_threads,share,unresolved_rate,mean_severity,blocker_share,multi_site_share,harmonization_share,forums_share,median_hrs_first_reply,workaround_share,trend_slope,unmet_need_index
data_quality,60,0.10695187165775401,0.8,1.9,0.16666666666666666,0.11666666666666667,0.6333333333333333,1.0,21.554617222222223,0.3,0.05714285714285714,0.7982142857142858
infrastructure_deployment,64,0.1140819964349376,0.75,2.25,0.359375,0.03125,0.125,1.0,26.667548333333333,0.359375,-0.19047619047619044,0.7857142857142858
characterization,35,0.062388591800356503,0.8,1.7428571428571429,0.14285714285714285,0.2571428571428571,0.17142857142857143,1.0,19.693847916666662,0.2857142857142857,-0.09523809523809539,0.6446428571428571
estimation,16,0.0285204991087344,0.8125,2.0,0.1875,0.25,0.0625,1.0,15.848139166666666,0.1875,-0.2619047619047618,0.6267857142857143
etl_cdm_conversion,114,0.20320855614973263,0.6666666666666666,1.6578947368421053,0.017543859649122806,0.07017543859649122,0.9385964912280702,1.0,14.49453625,0.3684210526315789,-0.0935672514619883,0.6125
vocabulary_mapping,127,0.22638146167557932,0.6377952755905512,1.6377952755905512,0.023622047244094488,0.06299212598425197,0.984251968503937,1.0,14.206511944444443,0.30708661417322836,-0.08323959505061868,0.6035714285714285
community_process,30,0.053475935828877004,0.8666666666666667,1.5,0.03333333333333333,0.26666666666666666,0.23333333333333334,1.0,58.57094541666666,0.26666666666666666,-0.019047619047619157,0.5857142857142856
governance_privacy,16,0.0285204991087344,0.6875,2.0,0.25,0.125,0.1875,1.0,14.26553652777778,0.25,-0.04761904761904769,0.4946428571428571
network_study_execution,13,0.023172905525846704,0.6923076923076923,1.8461538461538463,0.0,0.6153846153846154,0.3076923076923077,1.0,34.54487972222222,0.23076923076923078,0.007326007326007355,0.46071428571428574
learning_onboarding,25,0.044563279857397504,0.76,1.16,0.0,0.04,0.12,1.0,19.754302083333332,0.24,-0.07999999999999999,0.4607142857142857
cohort_definition,39,0.06951871657754011,0.5384615384615384,1.6153846153846154,0.02564102564102564,0.10256410256410256,0.1794871794871795,1.0,33.32114277777778,0.358974358974359,-0.11477411477411478,0.4285714285714286
prediction_ml,13,0.023172905525846704,0.6923076923076923,1.7692307692307692,0.0,0.3076923076923077,0.15384615384615385,1.0,14.29474361111111,0.38461538461538464,-0.08058608058608058,0.4035714285714286
harmonization_context,3,0.0053475935828877,0.6666666666666666,2.0,0.0,0.0,1.0,1.0,66.0356123611111,0.0,0.47619047619047633,0.3839285714285714
results_sharing_dissemination,6,0.0106951871657754,0.5,1.6666666666666667,0.16666666666666666,0.3333333333333333,0.16666666666666666,1.0,69.84241805555556,0.3333333333333333,-0.19047619047619044,0.21071428571428574
