need_cluster,n_need_threads,share,unresolved_rate,mean_severity,blocker_share,multi_site_share,harmonization_share,forums_share,median_hrs_first_reply,workaround_share,trend_slope,unmet_need_index
2.0,26,0.06683804627249357,0.7692307692307693,1.6538461538461537,0.0,0.15384615384615385,0.9615384615384616,1.0,17.56848375,0.34615384615384615,-0.08791208791208788,0.739655172413793
5.0,19,0.04884318766066838,0.7894736842105263,1.7894736842105263,0.0,0.2631578947368421,0.5789473684210527,1.0,11.142069722222223,0.2631578947368421,-0.01503759398496245,0.7336206896551725
8.0,18,0.04627249357326478,0.9444444444444444,1.5,0.0,0.2777777777777778,0.3888888888888889,1.0,46.61548555555555,0.3333333333333333,0.021164021164021204,0.7112068965517241
1.0,31,0.07969151670951156,0.7419354838709677,1.6129032258064515,0.0,0.0,1.0,1.0,13.777745,0.3225806451612903,-0.02764976958525346,0.7086206896551723
0.0,32,0.08226221079691516,0.59375,1.96875,0.25,0.0,0.0,1.0,20.700325555555555,0.34375,-0.25000000000000006,0.693103448275862
3.0,24,0.061696658097686374,0.7083333333333334,1.6666666666666667,0.0,0.0,0.9166666666666666,1.0,33.9719275,0.3333333333333333,-0.11904761904761914,0.6862068965517241
17.0,10,0.02570694087403599,0.9,2.4,0.5,0.0,0.2,1.0,184.46769416666666,0.2,-0.07619047619047624,0.6818965517241379
15.0,10,0.02570694087403599,0.8,2.5,0.6,0.0,0.0,1.0,10.654169027777778,0.3,-0.2095238095238095,0.664655172413793
9.0,17,0.043701799485861184,0.8235294117647058,1.0588235294117647,0.0,0.23529411764705882,0.058823529411764705,1.0,45.67133472222222,0.11764705882352941,0.08403361344537812,0.6431034482758621
7.0,18,0.04627249357326478,0.6666666666666666,1.6111111111111112,0.0,0.3888888888888889,0.1111111111111111,1.0,23.59117583333333,0.2777777777777778,0.03174603174603171,0.6017241379310344
16.0,10,0.02570694087403599,0.7,2.7,0.7,0.0,0.0,1.0,14.694269583333334,0.3,-0.2095238095238095,0.5939655172413792
6.0,19,0.04884318766066838,0.5789473684210527,1.6842105263157894,0.0,0.05263157894736842,0.5263157894736842,1.0,22.035556111111113,0.47368421052631576,-0.06516290726817041,0.5525862068965517
4.0,20,0.05141388174807198,0.6,1.5,0.0,0.05,0.9,1.0,7.3235025,0.25,-0.17142857142857132,0.5275862068965517
20.0,8,0.02056555269922879,0.75,1.875,0.25,0.0,0.125,1.0,96.47492027777777,0.25,-0.19047619047619058,0.5120689655172413
22.0,7,0.017994858611825194,0.7142857142857143,2.2857142857142856,0.2857142857142857,0.14285714285714285,0.8571428571428571,1.0,9.465121944444444,0.2857142857142857,-0.2585034013605443,0.49224137931034484
27.0,4,0.010282776349614395,1.0,2.0,0.0,0.0,0.5,1.0,5847.931621527778,0.5,-0.28571428571428564,0.48275862068965514
19.0,8,0.02056555269922879,0.625,2.375,0.5,0.0,0.25,1.0,24.096780416666668,0.5,-0.19047619047619055,0.45431034482758625
12.0,13,0.033419023136246784,0.6153846153846154,1.6153846153846154,0.0,0.07692307692307693,1.0,1.0,12.494232916666666,0.15384615384615385,-0.09523809523809525,0.4508620689655172
11.0,14,0.03598971722365039,0.6428571428571429,1.2857142857142858,0.0,0.07142857142857142,0.6428571428571429,1.0,30.661192916666664,0.21428571428571427,-0.2312925170068028,0.4405172413793103
18.0,9,0.02313624678663239,0.6666666666666666,1.6666666666666667,0.1111111111111111,0.1111111111111111,1.0,1.0,50.80111416666667,0.2222222222222222,-0.2010582010582011,0.425
26.0,6,0.015424164524421594,1.0,1.3333333333333333,0.0,0.0,0.5,1.0,19.054118055555556,0.16666666666666666,-0.09523809523809519,0.4068965517241379
13.0,13,0.033419023136246784,0.5384615384615384,1.6153846153846154,0.07692307692307693,0.07692307692307693,0.38461538461538464,1.0,4.921953055555555,0.38461538461538464,-0.06593406593406599,0.3991379310344827
23.0,6,0.015424164524421594,0.6666666666666666,2.0,0.0,0.0,0.0,1.0,181.02872472222225,0.3333333333333333,-0.4444444444444444,0.3896551724137931
14.0,10,0.02570694087403599,0.3,2.1,0.3,0.1,0.5,1.0,17.401534722222223,0.5,-0.3809523809523811,0.3887931034482759
10.0,14,0.03598971722365039,0.5,1.5714285714285714,0.0,0.0,1.0,1.0,12.950233888888889,0.35714285714285715,-0.09523809523809527,0.38620689655172413
28.0,4,0.010282776349614395,0.75,1.75,0.0,0.0,1.0,1.0,16.577680138888887,0.0,-0.2380952380952383,0.36379310344827587
21.0,7,0.017994858611825194,0.5714285714285714,1.7142857142857142,0.14285714285714285,0.2857142857142857,1.0,1.0,13.711344166666667,0.2857142857142857,0.013605442176870706,0.35258620689655173
24.0,6,0.015424164524421594,0.5,1.8333333333333333,0.16666666666666666,0.0,0.3333333333333333,1.0,13.257083055555556,0.16666666666666666,-0.38095238095238093,0.2586206896551725
25.0,6,0.015424164524421594,0.6666666666666666,1.3333333333333333,0.0,0.0,0.8333333333333334,1.0,6.936972777777777,0.5,0.0,0.25862068965517243
