cluster,label,need_statement,why_hard,rhino_fit,rhino_fit_rationale,confidence,n_need_threads,share,unresolved_rate,mean_severity,blocker_share,multi_site_share,harmonization_share,forums_share,median_hrs_first_reply,workaround_share,trend_slope,unmet_need_index,lifecycle_top,categories,quotes,thread_ids
2,Mapping complex source data to OMOP,"Community members need to map complex source data such as combination drugs, clinical trial instruments, survey concepts, family history, radiotherapy and curated national datasets into OMOP without losing meaning.","OMOP guidance is unclear or non-standardized for these data types, and many data points map with lost granularity or not at all.",data_harmonization,"The need is converting heterogeneous source data into OMOP CDM and standard vocabularies, which is data harmonization.",high,26,0.0668380462724935,0.7692307692307693,1.6538461538461535,0.0,0.1538461538461538,0.9615384615384616,1.0,17.56848375,0.3461538461538461,-0.0879120879120878,0.739655172413793,"['etl_cdm_conversion', 'vocabulary_mapping']","['Implementers', 'Vocabulary Users']","[""I don't have information on how the total 55 mg dose is split between the two ingredients."", 'mapping trial data cognitive scales and study variables OMOP', 'compound survey concepts...do not map cleanly to OMOP']","['f22483', 'f22525', 'f22615', 'f22678', 'f22695', 'f22744', 'f22872', 'f22896', 'f23098', 'f23108', 'f23136', 'f23272', 'f23580', 'f23704', 'f24571', 'f24990', 'f25000', 'f25046', 'f25237', 'f25333', 'f25527', 'f25547', 'f25742', 'f25746', 'f25754', 'f26050']"
5,Representing genomic and omics data in OMOP,"Community members need to model NGS, omics, specimen-derived samples and unsupported CRF fields in OMOP using established patterns so genomic and clinical data can be analyzed together.","OMOP lacks comprehensive omics standards and sample-level entities, OMOP Genomic has gaps, and practical guidance on variant representation and linkage at scale is limited.",data_harmonization,The core need is converting genomic and CRF source data into OMOP; the mention of federated Mendelian Randomization is secondary.,medium,19,0.0488431876606683,0.7894736842105263,1.7894736842105263,0.0,0.2631578947368421,0.5789473684210527,1.0,11.142069722222224,0.2631578947368421,-0.0150375939849624,0.7336206896551725,"['etl_cdm_conversion', 'characterization']","['Implementers', 'Researchers']","['best-practices on how NGS/CGP data should be modeled', 'extend OMOP to include omics genetics transcriptomics proteomics', ""Most CDMs don't yet have genomic data""]","['f22478', 'f23027', 'f23467', 'f23472', 'f23488', 'f23525', 'f23872', 'f24063', 'f24391', 'f24650', 'f24694', 'f24739', 'f24883', 'f25047', 'f25072', 'f25293', 'f25398', 'f25535', 'f25552']"
8,Extending OMOP for AI and interoperability,"Community members need to store ML metadata in OMOP, bridge openEHR and OMOP, support negation for AI/ML, rely on formal artifact specifications, and use OMOP locally or through natural language.","OHDSI has no established standards for these uses, OMOP's closed-world assumption conflicts with ML needs, and community focus is on federated research rather than local use.",none,"none: the cluster mixes standards proposals, specifications and community forum needs without a clear focus on cross-institution analysis, training or harmonization.",low,18,0.0462724935732647,0.9444444444444444,1.5,0.0,0.2777777777777778,0.3888888888888889,1.0,46.61548555555555,0.3333333333333333,0.0211640211640212,0.7112068965517241,"['etl_cdm_conversion', 'infrastructure_deployment']","['General', 'Implementers']","['How to bring into OMOP representation machine learning metadata', 'Need for systematic and precise connection between openEHR and OMOP is more pressing than ever', 'for pathology important to know something was looked for but not found']","['f22555', 'f22557', 'f22735', 'f22961', 'f23333', 'f23763', 'f23884', 'f24043', 'f24394', 'f24825', 'f25051', 'f25224', 'f25275', 'f25528', 'f25529', 'f25562', 'f25689', 'f25807']"
1,Missing vocabulary concepts for source codes,"Community members need to map source codes such as ICD-O-3 combinations, ATC vaccines, rare disease codes, DRG and compounded drugs to OMOP standard concepts when the vocabulary lacks the needed concepts or relationships.","Many source codes have no direct correspondence in the OMOP vocabularies, and Usagi cannot load custom vocabularies for fuzzy matching.",data_harmonization,"The need is mapping source data to OMOP vocabularies, which is core data harmonization work.",high,31,0.0796915167095115,0.7419354838709677,1.6129032258064515,0.0,0.0,1.0,1.0,13.777745,0.3225806451612903,-0.0276497695852534,0.7086206896551723,"['vocabulary_mapping', 'etl_cdm_conversion']","['Vocabulary Users', 'CDM Builders']","['Several ICD-O-3 site/histology/behavior code combinations present in our source data do not exist', ""ATC are Classification codes not Standard codes, but we won't be able to map half our registry"", ""Many of the mapped concepts don't appear among the loaded concepts""]","['f22479', 'f22583', 'f22886', 'f22936', 'f22948', 'f23035', 'f23137', 'f23420', 'f23426', 'f23484', 'f23630', 'f23646', 'f23723', 'f24018', 'f24064', 'f24207', 'f24376', 'f24414', 'f24497', 'f24994', 'f25078', 'f25174', 'f25403', 'f25408', 'f25414', 'f25423', 'f25576', 'f25709', 'f25858', 'f26029', 'f26079']"
0,Expressing complex cohort logic in ATLAS,"Community members need to define cohorts in ATLAS that use episodes, patient ID lists, complex visit timing and negation logic, and to export the definitions as R code for regulatory submission.","ATLAS lacks support for the Episode table and patient ID lists, its date and inclusion logic does not behave as expected, and it offers no way to extract R code packages.",none,"none: these are ATLAS feature gaps and usability issues in single-site cohort building, not cross-institution analysis, harmonization or protected execution.",high,32,0.0822622107969151,0.59375,1.96875,0.25,0.0,0.0,1.0,20.700325555555555,0.34375,-0.25,0.693103448275862,"['cohort_definition', 'characterization']","['Implementers', 'Researchers']","['initialization failure', ""ATLAS doesn't quite do this"", 'Is there a way to define the cohort in Atlas using patient ID']","['f22562', 'f22591', 'f22672', 'f22897', 'f22933', 'f23061', 'f23123', 'f23147', 'f23221', 'f23268', 'f23458', 'f23502', 'f23529', 'f23530', 'f23673', 'f23707', 'f23783', 'f23808', 'f23864', 'f23890', 'f23908', 'f24030', 'f24039', 'f24125', 'f24126', 'f24174', 'f24345', 'f24445', 'f24504', 'f25280', 'f25445', 'f26014']"
3,Fixing OMOP vocabulary content defects,"Community members need to work with OMOP vocabularies that have correct, complete and stable concepts, including oncology TNM and nodal concepts, laterality, replacements for deprecated concepts and full NAACCR names.","Vocabularies contain duplicate or truncated concepts, deprecate concepts without replacements, and lack laterality or grouped concepts, so mappings lose information and updates do not scale.",data_harmonization,"Weak fit: some items concern mapping local codes to standard concepts, but most are defects in community vocabulary content that only vocabulary maintainers can fix.",medium,24,0.0616966580976863,0.7083333333333334,1.6666666666666667,0.0,0.0,0.9166666666666666,1.0,33.9719275,0.3333333333333333,-0.1190476190476191,0.6862068965517241,"['vocabulary_mapping', 'etl_cdm_conversion']","['Vocabulary Users', 'General']","['pM1a with concept id 35919199 and also pM1a with concept id 35919220', 'Pathology reports group lymph nodes as packets, not individual stations; current vocabulary lacks grouped concepts.', 'deprecated without replacement. The final step in our update']","['f22551', 'f22559', 'f22664', 'f22993', 'f23267', 'f23449', 'f23506', 'f23533', 'f23692', 'f23859', 'f23874', 'f24027', 'f24042', 'f24196', 'f24209', 'f24334', 'f24584', 'f24653', 'f24728', 'f25261', 'f25376', 'f25404', 'f25418', 'f25579']"
17,Running Achilles at scale,Community members need to run Achilles reliably and with acceptable performance on large or non-standard OMOP databases and get all expected output tables.,"Runtimes vary widely or time out on large tables, analyses fail silently, multi-threading breaks, some dialects error, and functions are undocumented.",none,none: these are tool performance and bug issues.,high,10,0.0257069408740359,0.9,2.4,0.5,0.0,0.2,1.0,184.46769416666663,0.2,-0.0761904761904762,0.6818965517241379,"['data_quality', 'infrastructure_deployment']","['Implementers', 'Developers']","['Analysis 117 normally runs in 18 seconds but sometimes takes an hour or more.', 'Achilles fails after running analytics... Cannot find the object achilles_results because it does not exist', 'long queries in our postgres database...SqlRender() version for postgres are often not efficient']","['f22867', 'f23214', 'f23473', 'f23610', 'f23631', 'f24111', 'f24557', 'f24671', 'f25770', 'f26045']"
15,Installing ATLAS and WebAPI,"Community members need to install, build, upgrade and connect ATLAS and WebAPI reliably.","Maven dependencies and the OHDSI Nexus repository are unavailable, download links are broken, and installation documentation for platforms like RHEL 9 is unclear.",none,none: these are tool installation and infrastructure issues.,high,10,0.0257069408740359,0.8,2.5,0.6,0.0,0.0,1.0,10.654169027777778,0.3,-0.2095238095238095,0.664655172413793,"['infrastructure_deployment', 'learning_onboarding']","['Implementers', 'Developers']","['Non-resolvable import POM...Could not transfer artifact', 'cannot use Atlas it keeps giving me the following error', 'cannot use Atlas it keeps giving me error']","['f22629', 'f22922', 'f22953', 'f23100', 'f23104', 'f23725', 'f24599', 'f24861', 'f24888', 'f25359']"
9,"Community coordination, training and documentation","Community members need to coordinate collaborations, access up-to-date training materials and documentation, use working learning environments, and reach community resources.","Training materials are not standardized, the Book of OHDSI is outdated, OHDSI documentation is sparse in Context7, and some resources such as the dashboard are offline.",none,"none: these are community process, documentation and event coordination needs.",high,17,0.0437017994858611,0.8235294117647058,1.0588235294117647,0.0,0.2352941176470588,0.0588235294117647,1.0,45.67133472222222,0.1176470588235294,0.0840336134453781,0.6431034482758621,"['community_process', 'learning_onboarding']","['General', 'Developers']","[""I'm still not sure this application benefits from our"", 'not much OHDSI in context7. agentic coding tools harder to understand', ""In order to focus on those 'how OHDSI can help you' presentations, I would like to provide more general background materials""]","['f23013', 'f23029', 'f23180', 'f23252', 'f23313', 'f24000', 'f24778', 'f24794', 'f24864', 'f24867', 'f24890', 'f24921', 'f24945', 'f25239', 'f25455', 'f25602', 'f25815']"
7,Validating cohort comparability across sites,"Community members need to validate phenotype and cohort definitions, detect when sites encode concepts differently, and stratify cohort results by site in multi-site studies.","Local encoding differences make results silently wrong without showing up in standard data quality tools, ATLAS cannot stratify by site, and phenotype validation tools are opaque.",federated_analytics,"Part of the cluster concerns comparing and stratifying cohort results across institutions in network studies, but several items are tool documentation questions.",low,18,0.0462724935732647,0.6666666666666666,1.6111111111111112,0.0,0.3888888888888889,0.1111111111111111,1.0,23.59117583333333,0.2777777777777778,0.0317460317460317,0.6017241379310344,"['cohort_definition', 'characterization']","['Researchers', 'Developers']","['why are additional concepts being added in CohortDiagnostics results?', 'When two sites report a cohort of heart failure patients, they may not mean the same thing.', 'Need to stratify results by site so investigators can see patient counts per site.']","['f22512', 'f23056', 'f23343', 'f23457', 'f23596', 'f23776', 'f23778', 'f23916', 'f24162', 'f24234', 'f24358', 'f24813', 'f25308', 'f25399', 'f25626', 'f25695', 'f25730', 'f25739']"
16,Configuring ATLAS authentication and permissions,Community members need to configure LDAP or Active Directory authentication and role-based permissions for ATLAS and WebAPI so authenticated users can use the modules they are assigned.,"Authentication fails despite correct configuration, role assignments do not grant access, errors are not logged, and documentation does not explain the setup.",none,"none: these are tool configuration and documentation issues, not governance of code execution on protected data.",high,10,0.0257069408740359,0.7,2.7,0.7,0.0,0.0,1.0,14.694269583333334,0.3,-0.2095238095238095,0.5939655172413792,"['infrastructure_deployment', 'governance_privacy']","['Implementers', 'General']","['Bad credentials error', 'Ldap is not working.', 'Attempts to log in from Atlas keep returning Bad credentials']","['f22659', 'f22697', 'f23008', 'f23393', 'f23626', 'f24076', 'f24551', 'f24596', 'f24598', 'f24880']"
6,"CDM conventions for drugs, visits and types","Community members need to know how to represent patient-reported and dispensed drugs, observation visit types, prescription proposals, unmapped values and visit-level costs in OMOP tables.","OMOP guidance is unclear and community responses conflict, and some source records lack the dates needed to tell record types apart.",data_harmonization,"Most items are ETL decisions about mapping source records into OMOP tables and type concepts, although a few concern outdated PatientLevelPrediction tutorials and study practice.",medium,19,0.0488431876606683,0.5789473684210527,1.6842105263157894,0.0,0.0526315789473684,0.5263157894736842,1.0,22.035556111111113,0.4736842105263157,-0.0651629072681704,0.5525862068965517,"['etl_cdm_conversion', 'data_quality']","['CDM Builders', 'Researchers']","['patient reported drugs in our source system do not have dates', ""How a source visit type of 'Observation' should be mapped to visit_concept_id"", 'Whether records from the prescribed drug register should be inserted into the visit_occurrence table as pharmacy visits.']","['f22528', 'f22605', 'f22640', 'f22937', 'f23601', 'f23850', 'f24215', 'f24252', 'f24338', 'f24430', 'f24566', 'f24712', 'f24740', 'f24783', 'f24802', 'f25085', 'f25166', 'f25221', 'f25226']"
4,CDM conventions for observation periods and events,"Community members need to know the OMOP CDM conventions for representing derived ages, pregnancy episodes, incomplete questionnaire dates, stillbirths, migration events, observation periods and missed visits.","Standard guidance is missing or unclear, for example on how observation_period relates to visit_occurrence and on records that lack an observation period.",data_harmonization,"These are ETL modeling decisions about converting source records into OMOP CDM tables, which is part of data harmonization.",medium,20,0.0514138817480719,0.6,1.5,0.0,0.05,0.9,1.0,7.3235025,0.25,-0.1714285714285713,0.5275862068965517,"['etl_cdm_conversion', 'data_quality']","['Implementers', 'Uncategorized']","[""I'm uncertain how best I can set up my table to fit OMOP CDM conventions"", 'pregnancy episodes are documented in OMOP', 'dates that were assumed to occur on the first day']","['f22543', 'f22571', 'f22628', 'f22656', 'f22669', 'f22733', 'f23139', 'f23418', 'f23486', 'f23528', 'f23803', 'f23838', 'f23988', 'f24824', 'f24860', 'f24953', 'f25032', 'f25271', 'f26065', 'f26074']"
20,Hosting and integrating HADES infrastructure,"Community members need to host OMOP databases and integrate HADES, Arachne and White Rabbit with their applications and cloud authentication.","Security headers block embedding, versions mismatch between Arachne and HADES, Entra ID and SAML on Azure are unsupported or undocumented, and users lack database hosting experience.",none,"none: these are infrastructure setup, compatibility and documentation issues.",medium,8,0.0205655526992287,0.75,1.875,0.25,0.0,0.125,1.0,96.47492027777776,0.25,-0.1904761904761905,0.5120689655172413,"['infrastructure_deployment', 'etl_cdm_conversion']","['Developers', 'General']","['X-Frame-Options set to deny. Could you confirm feasibility', 'How would you go about this if you were in my shoes?', 'Training Settings into the analysis JSON, but with the ExecutionEngine + r-hades combination, version does not match']","['f23004', 'f23392', 'f23679', 'f23991', 'f24097', 'f24188', 'f24687', 'f24725']"
22,Large measurement tables and duplicate rows,"Community members need to handle large MEASUREMENT and OBSERVATION tables efficiently, including fast data quality checks and correct handling of duplicate or expanded rows.","DQD checks run for 40+ hours or freeze, memory settings are ignored, and multiple maps_to_value relationships or repeated samples produce duplicate rows.",none,"none: mostly database performance and DQD tool issues, with only minor ETL modeling questions.",medium,7,0.0179948586118251,0.7142857142857143,2.2857142857142856,0.2857142857142857,0.1428571428571428,0.8571428571428571,1.0,9.465121944444444,0.2857142857142857,-0.2585034013605443,0.4922413793103448,"['data_quality', 'etl_cdm_conversion']","['Implementers', 'CDM Builders']","['Has anyone successfully partitioned the MEASUREMENT table for performance?', 'row expansion due to the multiple mappings', ""query doesn't return a result after FORTY HOURS""]","['f22539', 'f23476', 'f23782', 'f23799', 'f24062', 'f24301', 'f24669']"
27,"OHDSI support for Trino, Spark and Doris","Community members need to connect OHDSI tools to OMOP CDMs stored in Trino, Doris or Spark-backed platforms such as UK Biobank RAP.","DatabaseConnector does not support these backends, and the Trino JDBC driver lacks batch query support.",none,none: this is database connector support for OHDSI tools.,high,4,0.0102827763496143,1.0,2.0,0.0,0.0,0.5,1.0,5847.931621527778,0.5,-0.2857142857142856,0.4827586206896551,"['infrastructure_deployment', 'network_study_execution']","['Developers', 'Implementers']","['what it would take to add Trino support', 'Batches not supported: java.sql.SQLFeatureNotSupportedException', 'Can I create a CDM database in Doris']","['f22566', 'f22610', 'f23277', 'f25733']"
19,Running DataQualityDashboard on SQL Server,Community members need to connect DataQualityDashboard and DatabaseConnector to SQL Server and run and view DQD results and vocabulary loads without errors.,"Paths with spaces, JDBC and authentication errors, timeouts on large databases, a blank viewer, and hardcoded test thresholds break runs.",none,none: these are database connectivity and tool bugs.,high,8,0.0205655526992287,0.625,2.375,0.5,0.0,0.25,1.0,24.096780416666668,0.5,-0.1904761904761905,0.4543103448275862,"['data_quality', 'infrastructure_deployment']","['Implementers', 'Developers']","['jar files, folder(s) to the jar files', 'R script would not successfully complete; had to run SQL scripts manually.', 'executeLargeUpdate not implemented']","['f22691', 'f23224', 'f23503', 'f23587', 'f23663', 'f23833', 'f25142', 'f25737']"
12,Modeling oncology episodes and treatments,"Community members need to represent oncology disease status, imaging findings, biopsies, screening phases, drug regimens and first-course treatments in OMOP tables, including the Episode table.","It is unclear which tables and domains to use, current Episode concepts do not cover screening phases, and recording procedures in several tables risks duplication.",data_harmonization,"The need is converting oncology source data into OMOP CDM structures, which is data harmonization.",high,13,0.0334190231362467,0.6153846153846154,1.6153846153846154,0.0,0.0769230769230769,1.0,1.0,12.494232916666666,0.1538461538461538,-0.0952380952380952,0.4508620689655172,"['etl_cdm_conversion', 'vocabulary_mapping']","['CDM Builders', 'Implementers']","['columns I am struggling to map... Current disease status and Sites of current disease... unsure how to map these in CDM', 'I have uncertainty about whether to use observation or measurement (or even condition) table', 'implement this in the episode table']","['f22496', 'f23105', 'f23694', 'f23712', 'f23819', 'f24026', 'f24102', 'f24143', 'f24241', 'f24250', 'f24567', 'f25373', 'f26066']"
11,"Richer, portable phenotype and concept definitions","Community members need to build concept sets and phenotypes that use richer vocabulary relationships, access concepts and phenotypes programmatically, and share reproducible definitions.","Circe concept set expressions support only hierarchy and limited mapping, Phenotype Library data must be downloaded manually, and published definitions lack implementation detail.",none,"none: this concerns phenotype tooling, vocabulary access and reproducibility rather than cross-institution execution or source-to-OMOP conversion.",medium,14,0.0359897172236503,0.6428571428571429,1.2857142857142858,0.0,0.0714285714285714,0.6428571428571429,1.0,30.661192916666664,0.2142857142857142,-0.2312925170068028,0.4405172413793103,"['vocabulary_mapping', 'cohort_definition']","['Vocabulary Users', 'Researchers']","['complex concept set expressions... CIRCE Concept Set Expression does not support the concept_relationship', 'OHDSI vocabulary combines many ontologies, each keeping original properties with OHDSI IDs.', 'downloading the data manually']","['f22852', 'f23229', 'f23275', 'f23281', 'f23304', 'f23337', 'f23340', 'f23772', 'f23987', 'f24208', 'f24228', 'f24563', 'f24777', 'f25750']"
18,Reusable ETL pipelines into OMOP,"Community members need to convert sources such as CPRD, OpenMRS, microbiology data and Synthea into OMOP CDM using working, reusable ETL pipelines and clear specifications.","ETL-CDMBuilder fails on CPRD, open-source pipelines for OpenMRS are missing, Metadata and microbiology specifications are vague, and ETL-Synthea exists only in R.",data_harmonization,"The need is converting source systems into OMOP CDM, which is data harmonization, although some items are specific tool bugs.",medium,9,0.0231362467866323,0.6666666666666666,1.6666666666666667,0.1111111111111111,0.1111111111111111,1.0,1.0,50.80111416666667,0.2222222222222222,-0.2010582010582011,0.425,"['etl_cdm_conversion', 'vocabulary_mapping']","['Implementers', 'Developers']","['set up a re-useable open-source tooling pipeline for data extraction for research', 'The documentation... is extremely vague. What, if anything, is required to exist. What is suggested?', 'Representation of antimicrobial susceptibility testing results and quantitative measurements in OMOP']","['f22758', 'f23128', 'f23135', 'f23305', 'f23448', 'f23634', 'f24149', 'f25524', 'f26001']"
26,Representing clinical notes and NLP output,Community members need to store clinical notes and NLP-extracted findings in NOTE and NOTE_NLP and link them to clinical event tables following clear conventions.,"It is unclear which type concepts to use, whether undated mentions belong in OBSERVATION, how to split report components into rows, and how to link NLP records to events.",data_harmonization,"The need is converting unstructured note data into OMOP tables, which is part of data harmonization.",medium,6,0.0154241645244215,1.0,1.3333333333333333,0.0,0.0,0.5,1.0,19.054118055555556,0.1666666666666666,-0.0952380952380951,0.4068965517241379,"['etl_cdm_conversion', 'data_quality']","['Implementers', 'CDM Builders']","['extracting patient-reported data from notes. what type concept id to use in clinical tables', 'Is it appropriate to store the mention of a device as an OBSERVATION?', 'how might one structure clinical notes into table rather than summarized note format']","['f23578', 'f23657', 'f23915', 'f24017', 'f24734', 'f25073']"
13,Validating CDM compliance and structure,"Community members need to check OMOP compliance of CSVs, databases and generated SQL against authoritative CDM definitions using reliable validators.","There is no clear single source of truth or formal SQL compliance standard, and cdmInspection and DataQualityDashboard crash or report confusing results.",none,none: these are validation tool bugs and specification gaps.,high,13,0.0334190231362467,0.5384615384615384,1.6153846153846154,0.0769230769230769,0.0769230769230769,0.3846153846153846,1.0,4.921953055555555,0.3846153846153846,-0.0659340659340659,0.3991379310344827,"['data_quality', 'etl_cdm_conversion']","['Implementers', 'CDM Builders']","['Is there a multiplatform schema-based validator to check if a CSV dataset is OMOP-compliant?', 'looking for authoritative RDBMS-agnostic definition OMOP CDM', 'replacement has 0 rows. this field contains a valid date']","['f22594', 'f22932', 'f23220', 'f23294', 'f23524', 'f24120', 'f24693', 'f24848', 'f24956', 'f24988', 'f25095', 'f25154', 'f25406']"
23,Deploying Broadsea reliably,"Community members need to deploy Broadsea on Windows and AWS with pinned versions, working SAML or Azure authentication, and a usable local development workflow.","Authentication guidance is missing, Windows secrets files fail, Docker Compose pulls unpinned latest versions, and code changes do not show up in containers.",none,none: these are deployment and documentation issues.,high,6,0.0154241645244215,0.6666666666666666,2.0,0.0,0.0,0.0,1.0,181.02872472222225,0.3333333333333333,-0.4444444444444444,0.3896551724137931,"['infrastructure_deployment', 'learning_onboarding']","['Developers', 'Implementers']","['Is there a recommended authentication method for Broadsea?', 'Prohibited Character error for Broadsea 3.5.0', 'getting this to work with our SAML based Azure']","['f22531', 'f22636', 'f23447', 'f23452', 'f23895', 'f23944']"
14,CPT4 vocabulary processing and tool failures,"Community members need to process CPT4 vocabulary updates, track vocabulary versions programmatically, and run OHDSI result-export and example-study tools without errors.","CPT4 processing crashes, runs out of memory or takes days, delta generation fails, and version names cannot be used as git tags.",none,none: these are tool bugs and vocabulary loading failures.,medium,10,0.0257069408740359,0.3,2.1,0.3,0.1,0.5,1.0,17.401534722222223,0.5,-0.3809523809523811,0.3887931034482759,"['vocabulary_mapping', 'network_study_execution']","['Vocabulary Users', 'Developers']","['CPT processing crashes at the end... Cannot read or process resource: cpt4', 'The Delta bundle could not be generated for the CPT4 vocabulary', ""v5.0 27-FEB-25 doesn't work as tag; v20250227 doesn't exist in tables""]","['f22524', 'f22715', 'f23089', 'f23251', 'f23430', 'f23438', 'f23605', 'f23873', 'f24238', 'f24674']"
10,Domain assignment for labs and measurements,"Community members need to decide the correct OMOP domain for lab tests, screening codes, qualitative results, hearing tests and scores when mapping source data.","The boundary between Procedure, Observation and Measurement is ambiguous, LOINC answer relationships are incomplete, and vocabularies assign domains inconsistently.",data_harmonization,"The need is mapping source lab and test data to OMOP domains and vocabularies, which is data harmonization.",high,14,0.0359897172236503,0.5,1.5714285714285714,0.0,0.0,1.0,1.0,12.950233888888889,0.3571428571428571,-0.0952380952380952,0.3862068965517241,"['vocabulary_mapping', 'etl_cdm_conversion']","['Vocabulary Users', 'Implementers']","['Lab tests often mapped to Procedure but unclear if should use Observable Entity when results defined', 'Ambiguity between PROCEDURE and MEASUREMENT when text mentions test without result', 'ICD-10 screening encounters mapped to Measurement domain concepts']","['f22584', 'f22624', 'f23439', 'f23498', 'f23568', 'f23595', 'f24389', 'f24406', 'f24474', 'f24532', 'f24660', 'f24909', 'f25480', 'f25905']"
28,Vocabulary release accuracy and maintenance,"Community members need to rely on accurate vocabulary release metadata, download historical vocabulary versions, and get ongoing maintenance of vocabularies such as UK dm+d.","Athena returns wrong versions and dates, the backlog of foundational issues is frozen while central development is maintenance-focused, and dm+d has not been updated since May 2023.",none,none: these concern vocabulary release management and community maintenance capacity.,high,4,0.0102827763496143,0.75,1.75,0.0,0.0,1.0,1.0,16.577680138888887,0.0,-0.2380952380952383,0.3637931034482758,"['vocabulary_mapping', 'community_process']",['Vocabulary Users'],"['The VOCABULARY.CSV file shows the date as V 5.0 30-AUG-2024.', 'Downloading vocab v20240229 gives more recent version; important for evaluating compatibility', ""We've accumulated a long backlog of tricky, deep-rooted issues.""]","['f23087', 'f23372', 'f23936', 'f24433']"
21,Incorrect ICD-10 to SNOMED mappings,Community members need to map ICD-10 codes to correctly specific SNOMED concepts that are reachable through CONCEPT_ANCESTOR so that cohorts capture all coded patients.,"Some ICD-10 codes map to overly broad or wrong concepts or are missing from the hierarchy, so hierarchy-based code lists miss thousands of patients.",data_harmonization,"The need concerns the accuracy of mappings from source vocabularies to standard concepts, which is a data harmonization concern.",high,7,0.0179948586118251,0.5714285714285714,1.7142857142857142,0.1428571428571428,0.2857142857142857,1.0,1.0,13.711344166666668,0.2857142857142857,0.0136054421768707,0.3525862068965517,"['vocabulary_mapping', 'cohort_definition']","['Vocabulary Users', 'CDM Builders']","[""domain on standard snomed concept doesn't match the non standard ICD10 domain... Should I be pushing these cohorts into Condition_Occurrence or Observation?"", 'C90 and subcode C90.0 map to the same SNOMED standard concept', 'ICD-10 code D00.0 maps to SNOMED concept 4113107']","['f22497', 'f23175', 'f24115', 'f24316', 'f24727', 'f25861', 'f25870']"
24,Creating and maintaining ATLAS concept sets,"Community members need to create, save and maintain large numbers of concept sets in ATLAS, including after vocabulary and software updates.","Vocabulary updates break existing concept sets, there is no clear way to automate creating thousands of them, and upgrades cause save and authorization errors without logs.",none,"none: these are ATLAS tooling, upgrade and governance-of-content issues.",medium,6,0.0154241645244215,0.5,1.8333333333333333,0.1666666666666666,0.0,0.3333333333333333,1.0,13.257083055555556,0.1666666666666666,-0.3809523809523809,0.2586206896551725,"['cohort_definition', 'community_process']","['Uncategorized', 'General']","['vocabularies broke my concept sets', 'I do need thousands of labs, drugs, procedures, etc.', ""After 2.15 update users get 'error occurred while attempting to save' but no Java errors in logs""]","['f22855', 'f23397', 'f23453', 'f23788', 'f23854', 'f24353']"
25,ATC to RxNorm drug mapping,"Community members need to map ATC drug classes to RxNorm concepts consistently for ETL, drug eras and class-level analysis.","ATC-RxNorm relationships are inconsistent and come in several types, hierarchies are incomplete, ATC has ambiguous structure, and ingredient mapping loses dosage information.",data_harmonization,"The need is mapping ATC source drug codes to RxNorm standard concepts, which is data harmonization.",high,6,0.0154241645244215,0.6666666666666666,1.3333333333333333,0.0,0.0,0.8333333333333334,1.0,6.936972777777777,0.5,0.0,0.2586206896551724,"['vocabulary_mapping', 'etl_cdm_conversion']","['Vocabulary Users', 'General']","['RxNorm timolol 5 MG/ML appears as descendant of ATC S01ED51 timolol, combinations; ophthalmic', 'Cannot preserve dosage information when mapping to RxNorm Ingredient; additional table may be needed.', 'which relationship will best map the source concepts']","['f22895', 'f23243', 'f24172', 'f24769', 'f25230', 'f25775']"
