thread_id,quarter,repo_or_category,title,pain_point,resolution_status,url
f22539,2024 Q4,Developers,No result for plausibleUnitConceptIds query after 40 hours,"The plausibleUnitConceptIds data quality check query runs for 40+ hours on large measurement tables and does not complete, blocking quality reports.",unresolved,https://forums.ohdsi.org/t/no-result-for-plausibleunitconceptids-query-after-40-hours/22539
f22591,2024 Q4,Implementers,Error while running SkeletonComparativeEffectStudy program generated by Atlas,R package generated by Atlas Estimation fails to execute with unspecified errors.,no_reply,https://forums.ohdsi.org/t/error-while-running-skeletoncomparativeeffectstudy-program-generated-by-atlas/22591
f22629,2024 Q4,Implementers,Setup guide for ATLAS,"Maven dependency resolution fails during WebAPI build, blocking ATLAS installation, with errors indicating connection issues to OHDSI repository.",partially,https://forums.ohdsi.org/t/setup-guide-for-atlas/22629
f22659,2024 Q4,General,Not able to login as LDAP user into Atlas,LDAP authentication fails with Bad credentials error in Atlas/WebAPI after recent upgrade.,unresolved,https://forums.ohdsi.org/t/not-able-to-login-as-ldap-user-into-atlas/22659
f22691,2024 Q4,Implementers,"Error ""java.lang.UnsupportedOperationException: executeLargeUpdate not implemented"" in R",SQL JDBC driver error when creating tables using R; Python/pyodbc works fine.,unresolved,https://forums.ohdsi.org/t/error-java-lang-unsupportedoperationexception-executelargeupdate-not-implemented-in-r/22691
f22697,2024 Q4,Implementers,Broadsea - Active Directory Integration,Active Directory LDAP authentication fails despite proper configuration and successful ldap/ldapsearch commands.,unresolved,https://forums.ohdsi.org/t/broadsea-active-directory-integration/22697
f22715,2024 Q4,Developers,Achilles 1.7.2 - exportAres pandas dataframe error during Achilles::exportToAres(),exportToAres() fails with error when aggregating data from Snowflake.,unresolved,https://forums.ohdsi.org/t/achilles-1-7-2-exportares-pandas-dataframe-error-during-achilles-exporttoares/22715
f22933,2024 Q4,General,Atlas-demo.ohdsi.org error,Atlas-demo initialization failure prevents access to existing cohort definitions.,resolved,https://forums.ohdsi.org/t/atlas-demo-ohdsi-org-error/22933
f22953,2024 Q4,Implementers,Setup of ohdsi(Atlas) on my Ubuntu server,Encountering many issues while following official documentation for Atlas installation.,no_reply,https://forums.ohdsi.org/t/setup-of-ohdsi-atlas-on-my-ubuntu-server/22953
f23004,2024 Q4,General,Error Integrating HADES with Existing application,Cannot integrate HADES into existing applications due to X-Frame-Options security restriction.,no_reply,https://forums.ohdsi.org/t/error-integrating-hades-with-existing-application/23004
f23008,2025 Q1,Implementers,ATLAS login setup,Documentation does not explain how to set up user authentication and password configuration for Atlas.,no_reply,https://forums.ohdsi.org/t/atlas-login-setup/23008
f23089,2025 Q1,Developers,Error handling in MethodEvaluation package,packageOhdsiBenchmarkResults() fails due to insufficient error handling with empty subsets.,resolved,https://forums.ohdsi.org/t/error-handling-in-methodevaluation-package/23089
f23100,2025 Q1,Implementers,Unable to connect to an instance of the WebAPI,"After running Achilles, Atlas cannot connect to WebAPI with app instantiation error.",unresolved,https://forums.ohdsi.org/t/unable-to-connect-to-an-instance-of-the-webapi/23100
f23104,2025 Q1,Developers,Unable to connect to an instance of the WebAPI,"After running Achilles, Atlas cannot connect to WebAPI with app instantiation error.",partially,https://forums.ohdsi.org/t/unable-to-connect-to-an-instance-of-the-webapi/23104
f23383,2025 Q1,Vocabulary Users,Can't log into Athena,Cannot log into Athena - password not working and password reset emails not being sent.,unresolved,https://forums.ohdsi.org/t/cant-log-into-athena/23383
f23448,2025 Q1,Developers,CPRD using ETL-CDMBuilder error,ETL-CDMBuilder fails with error when processing CPRD dataset.,unresolved,https://forums.ohdsi.org/t/cprd-using-etl-cdmbuilder-error/23448
f23503,2025 Q1,Implementers,Error connecting between R and SQL Server,DatabaseConnector R package fails to connect to SQL Server on Windows with authentication error.,unresolved,https://forums.ohdsi.org/t/error-connecting-between-r-and-sql-server/23503
f23610,2025 Q2,Implementers,Issue Running Achilles: Only achilles_analysis Table Being Created and other tables are not being created,Achilles only creates achilles_analysis table; other expected output tables are not generated even though documentation indicates they should be.,no_reply,https://forums.ohdsi.org/t/issue-running-achilles-only-achilles-analysis-table-being-created-and-other-tables-are-not-being-created/23610
f23626,2025 Q2,Implementers,403 Error Running Characterizations,"Browser console shows 403 permission error when running characterizations, but server logs show no error.",partially,https://forums.ohdsi.org/t/403-error-running-characterizations/23626
f23631,2025 Q2,Developers,The Achilles scripts hang on analysis 117,Achilles analysis hangs indefinitely on analysis 117 (monthly observation counts) with no error message.,unresolved,https://forums.ohdsi.org/t/the-achilles-scripts-hang-on-analysis-117/23631
f23663,2025 Q2,Developers,Issue with viewDqDashboard() in DataQualityDashboard,DataQualityDashboard viewDqDashboard() function fails to load metadata and results sections; shows blank dashboard with error.,unresolved,https://forums.ohdsi.org/t/issue-with-viewdqdashboard-in-dataqualitydashboard/23663
f23782,2025 Q2,Implementers,JVM settings to optimize DQD in RStudio,"JVM memory settings for DQD are not being applied despite configuration, and parallel execution with numThreads freezes, making large-scale data quality checks prohibitively slow.",partially,https://forums.ohdsi.org/t/jvm-settings-to-optimize-dqd-in-rstudio/23782
f23833,2025 Q2,Implementers,DQD not recognising jar files to connect to sql server?,DQD fails to connect to SQL Server; paths with spaces in folder names cause jar file recognition errors.,resolved,https://forums.ohdsi.org/t/dqd-not-recognising-jar-files-to-connect-to-sql-server/23833
f23890,2025 Q2,Implementers,CohortDiagnostics error (BigQuery),CohortDiagnostics fails when running on BigQuery platform with unspecified error.,unresolved,https://forums.ohdsi.org/t/cohortdiagnostics-error-bigquery/23890
f23908,2025 Q2,Implementers,Atlas Characterization error: Empty SQL Statement,"ATLAS characterization feature generates empty SQL statements, preventing execution on Databricks backend despite simple cohort configurations.",unresolved,https://forums.ohdsi.org/t/atlas-characterization-error-empty-sql-statement/23908
f24021,2025 Q3,General,Athena down?,Athena service is down or inaccessible; encryption and login issues preventing vocabulary access.,unclear,https://forums.ohdsi.org/t/athena-down/24021
f24076,2025 Q3,Developers,WebAPI 2.15.0 Docker Image,WebAPI 2.15.0 Docker OpenID authentication failing with pac4j compilation/runtime error.,resolved,https://forums.ohdsi.org/t/webapi-2-15-0-docker-image/24076
f24111,2025 Q3,Implementers,Achilles fails after running analytics,"Achilles analytics execution fails when attempting to create results table, preventing completion of data quality checks.",no_reply,https://forums.ohdsi.org/t/achilles-fails-after-running-analytics/24111
f24174,2025 Q3,Developers,CohortMethod 'fun' function error,"CohortMethod execution fails with error when attempting to aggregate results, blocking completion of estimation analysis.",resolved,https://forums.ohdsi.org/t/cohortmethod-fun-function-error/24174
f24238,2025 Q3,Vocabulary Users,CPT4 Processing Issue August 2025 version,CPT4 vocabulary processing crashes at end of concept updates due to null pointer exception in resource loading.,resolved,https://forums.ohdsi.org/t/cpt4-processing-issue-august-2025-version/24238
f24345,2025 Q3,Uncategorized,ATLAS Estimation: “specification :: negative control - invalid” error when adding negative controls,ATLAS shows 'specification :: negative control - invalid' error when adding negative controls to Estimation studies.,unresolved,https://forums.ohdsi.org/t/atlas-estimation-specification-negative-control-invalid-error-when-adding-negative-controls/24345
f24353,2025 Q3,Implementers,Unable to save conceptsets after 2.15 update,"After ATLAS/WebAPI 2.15 update, regular users cannot save concept sets and receive generic error without logs.",partially,https://forums.ohdsi.org/t/unable-to-save-conceptsets-after-2-15-update/24353
f24445,2025 Q4,Developers,"ARTEMIS getConDF() fails on PostgreSQL with ""syntax error at or near numeri""",ARTEMIS getConDF() fails on PostgreSQL with 'syntax error at or near numeri' after generateCohortSet() succeeds.,partially,https://forums.ohdsi.org/t/artemis-getcondf-fails-on-postgresql-with-syntax-error-at-or-near-numeri/24445
f24504,2025 Q4,Developers,"ARTEMIS processAlignments() returns ""missing values are not allowed in subscripted assignments of data frames""",ARTEMIS processAlignments() returns error about missing values not being allowed in data frame subscripted assignments.,no_reply,https://forums.ohdsi.org/t/artemis-processalignments-returns-missing-values-are-not-allowed-in-subscripted-assignments-of-data-frames/24504
f24557,2025 Q4,Implementers,TempDB full error when populating Achilles tables,Athena concept_hierarchy SQL operations fill TempDB and fail during CDM configuration with WebAPI.,unresolved,https://forums.ohdsi.org/t/tempdb-full-error-when-populating-achilles-tables/24557
f24598,2025 Q4,Implementers,"Basic security Wepapi/Atlas problem, user can login but has no permissions",User authenticated successfully but cannot perform any actions because they lack permissions despite being assigned roles.,unresolved,https://forums.ohdsi.org/t/basic-security-wepapi-atlas-problem-user-can-login-but-has-no-permissions/24598
f24599,2025 Q4,General,Maven repository is down,"The OHDSI maven repository (Nexus service) is down, blocking Atlas development work.",resolved,https://forums.ohdsi.org/t/maven-repository-is-down/24599
f24671,2025 Q4,Implementers,Achilles query performance,Achilles metrics #515 and #2002 extremely slow and timeout at 20+ hours for large tables despite hardware upgrades and optimization.,unresolved,https://forums.ohdsi.org/t/achilles-query-performance/24671
f24687,2025 Q4,Implementers,Running White Rabbit on SQL Server with Azure Active Directory Only Authentication,White Rabbit cannot authenticate to SQL Server on Azure because it does not support Entra ID (Azure Active Directory only) authentication.,resolved,https://forums.ohdsi.org/t/running-white-rabbit-on-sql-server-with-azure-active-directory-only-authentication/24687
f24693,2025 Q4,Implementers,Running cdmInspection-1.2.4 on OMOP v5.3,cdmInspection crashes when querying CDM_SOURCE table with replacement error despite valid date in CDM_RELEASE_DATE field.,unclear,https://forums.ohdsi.org/t/running-cdminspection-1-2-4-on-omop-v5-3/24693
f24880,2026 Q1,Implementers,Active Directory autentication Fails to load roles,Atlas with Active Directory authentication allows user login but denies access to all modules despite WebAPI showing proper role assignments.,resolved,https://forums.ohdsi.org/t/active-directory-autentication-fails-to-load-roles/24880
f25359,2026 Q2,Implementers,How do we upgrade Postgres in OMOP? - Getting errors in WebAPI,Upgrading PostgreSQL from v10 to v17 causes WebAPI application startup failure with permission denied errors.,unresolved,https://forums.ohdsi.org/t/how-do-we-upgrade-postgres-in-omop-getting-errors-in-webapi/25359
f25800,2026 Q3,General,Authentication of athena,User cannot re-authenticate their Athena account due to popup authentication message.,resolved,https://forums.ohdsi.org/t/authentication-of-athena/25800
f25861,2026 Q3,Vocabulary Users,"ICD10CM G23.1 maps to sibling SNOMED concept, unreachable from PSP ancestor via CONCEPT_ANCESTOR","ICD-10-CM code G23.1 is not reachable through CONCEPT_ANCESTOR hierarchy, causing ATLAS cohort definitions to miss all patients coded with this PSP code.",unresolved,https://forums.ohdsi.org/t/icd10cm-g23-1-maps-to-sibling-snomed-concept-unreachable-from-psp-ancestor-via-concept-ancestor/25861
