thread_id,quarter,repo_or_category,title,pain_point,job_to_be_done,severity,resolution_status,lifecycle_stage,url
f22557,2024 Q4,CDM Builders,Best Approach for Combining Harmonized Data from Two ETLs,It is unclear whether harmonized data from multiple hospitals should be merged into a single schema or kept separate for joint analysis.,Harmonize and combine OMOP-CDM data from two hospitals for joint analysis.,major,partially,etl_cdm_conversion,https://forums.ohdsi.org/t/best-approach-for-combining-harmonized-data-from-two-etls/22557
f22961,2024 Q4,General,Cost table spec improvement and interest in health economics,Health economics research needs better specification and conventions for COST table in OMOP.,Develop specifications and conventions for populating the COST table in health economics research.,major,partially,estimation,https://forums.ohdsi.org/t/cost-table-spec-improvement-and-interest-in-health-economics/22961
f23013,2025 Q1,Researchers,NEI - OHDSI Challange,Researchers want to collaborate on NEI-OHDSI Challenge but lack a coordination platform.,Find and coordinate collaboration opportunities for NEI-OHDSI Challenge submissions.,minor,no_reply,"community_process,network_study_execution",https://forums.ohdsi.org/t/nei-ohdsi-challange/23013
f23029,2025 Q1,General,Guideline-driven evidence generation opportunities,Clinical guidelines reveal evidence gaps that real-world data could fill but community needs coordination.,Identify and conduct OHDSI network studies to fill evidence gaps in clinical guidelines.,major,partially,"network_study_execution,community_process,characterization",https://forums.ohdsi.org/t/guideline-driven-evidence-generation-opportunities/23029
f23056,2025 Q1,Researchers,Support with data for RWE Data Based Clinical Trial Feasibility,Research on chronic disease prevalence requires RWE data from multiple countries and time frames.,Obtain real-world evidence data on chronic disease prevalence and incidence across countries.,minor,no_reply,"characterization,data_quality",https://forums.ohdsi.org/t/support-with-data-for-rwe-data-based-clinical-trial-feasibility/23056
f23105,2025 Q1,CDM Builders,Organised cancer screening programme with,Current CDM Episode-table concepts do not adequately represent phases of organized cancer screening.,Use OMOP Episodes to structure and analyze organized cancer screening program data.,major,partially,"characterization,etl_cdm_conversion",https://forums.ohdsi.org/t/organised-cancer-screening-programme-with/23105
f23136,2025 Q1,General,Registry-based randomised controlled trials,Lack of examples for conducting Randomized Registry Clinical Trials using real-world data.,Design and conduct Randomized Registry Clinical Trials using OMOP data.,major,no_reply,"network_study_execution,characterization,estimation",https://forums.ohdsi.org/t/registry-based-randomised-controlled-trials/23136
f23251,2025 Q1,OHDSI in Korea,Feedernet estimation 작동 관련 문의드립니다,Federated network study execution fails during research file processing with error message.,Execute federated network estimation studies across multiple participating sites.,major,unclear,"estimation,network_study_execution",https://forums.ohdsi.org/t/feedernet-estimation/23251
f23343,2025 Q1,Uncategorized,Goal13: every disease will have natural history summary characterization,Need comprehensive natural history characterization for diseases across multiple global sites to understand heterogeneity.,Create comprehensive real-world evidence summaries characterizing disease natural history and treatment pathways globally.,minor,unclear,"characterization,community_process",https://forums.ohdsi.org/t/goal13-every-disease-will-have-natural-history-summary-characterization/23343
f23596,2025 Q2,Researchers,Legend of cohort pathways,"Cohort pathways sunburst chart legend is inconsistent across institutions because event cohorts with zero counts are omitted, making comparison difficult.",Enable color assignment and consistent legend display for cohort pathways sunburst charts across different data instances.,minor,unresolved,results_sharing_dissemination,https://forums.ohdsi.org/t/legend-of-cohort-pathways/23596
f23634,2025 Q2,General,OpenMRS and OMOP CDM: Making EMR data easier to use for Researchers in LMICs,OpenMRS EMR system cannot easily be mapped to OMOP CDM; researchers in LMICs lack standardized open-source ETL pipelines.,Create reusable open-source ETL pipeline to map OpenMRS data to OMOP CDM for research in resource-constrained settings.,major,unresolved,"etl_cdm_conversion,vocabulary_mapping",https://forums.ohdsi.org/t/openmrs-and-omop-cdm-making-emr-data-easier-to-use-for-researchers-in-lmics/23634
f23846,2025 Q2,Researchers,Call for Collaboration: Data partners on TAVI Study,,Conduct real-world evidence study on ACURATE neo2 transcatheter valve outcomes across multiple data partners.,none,no_reply,characterization,https://forums.ohdsi.org/t/call-for-collaboration-data-partners-on-tavi-study/23846
f23972,2025 Q3,Uncategorized,Workgroup - Health Economics & Value Assessment (HEVA),,Develop standardized methods and tools for health economics value assessment within OMOP ecosystem.,none,partially,"estimation,community_process",https://forums.ohdsi.org/t/workgroup-health-economics-value-assessment-heva/23972
f24024,2025 Q3,General,OMOP LATAM context,,Learn about OMOP implementation practices in Latin America.,none,no_reply,"etl_cdm_conversion,learning_onboarding,community_process",https://forums.ohdsi.org/t/omop-latam-context/24024
f24056,2025 Q3,Researchers,Introduction & Proposed Study on Sézary Syndrome Treatment Patterns,,Establish network study of treatment patterns for rare cutaneous T-cell lymphomas.,none,partially,"characterization,network_study_execution",https://forums.ohdsi.org/t/introduction-proposed-study-on-sezary-syndrome-treatment-patterns/24056
f24120,2025 Q3,Implementers,Using HADES for in-house curation of registry data,"Difficulty tracking data provenance and differentiation across multiple registries within CDM, forcing data stewards to manually filter data.",Enable data stewards to verify and track their registry-specific data within unified CDM for validation purposes.,major,resolved,"governance_privacy,etl_cdm_conversion",https://forums.ohdsi.org/t/using-hades-for-in-house-curation-of-registry-data/24120
f24124,2025 Q3,Researchers,Seeking Collaborators: Dental Antibiotic Prophylaxis & Infection Outcomes,,Conduct a characterization study across multiple hospitals to describe antibiotic prophylaxis patterns in dental procedures and infection outcomes.,none,resolved,"characterization,network_study_execution",https://forums.ohdsi.org/t/seeking-collaborators-dental-antibiotic-prophylaxis-infection-outcomes/24124
f24191,2025 Q3,Researchers,Seeking collaborators for a research study (Ophthalmology),,Conduct research study on GLP-1 RA and ophthalmologic diseases by recruiting data partners and statisticians.,none,resolved,"characterization,network_study_execution",https://forums.ohdsi.org/t/seeking-collaborators-for-a-research-study-ophthalmology/24191
f24252,2025 Q3,Researchers,How to share PLP results without including patient level data?,Sharing PLP model results with external collaborators while preventing access to patient-level data tables.,Share prediction results in a Shiny app with external collaborators while keeping patient-level data private.,major,resolved,"prediction_ml,results_sharing_dissemination,governance_privacy",https://forums.ohdsi.org/t/how-to-share-plp-results-without-including-patient-level-data/24252
f24394,2025 Q3,General,Proposal for a New Workgroup: openEHR and OMOP Workgroup,Bridging openEHR (clinical data modeling) and OMOP (secondary use analytics) lacks systematic connection and guidance.,Establish a workgroup to develop frameworks and tools for seamless data transformation between openEHR and OMOP.,minor,partially,"community_process,vocabulary_mapping",https://forums.ohdsi.org/t/proposal-for-a-new-workgroup-openehr-and-omop-workgroup/24394
f24650,2025 Q4,Vocabulary Users,OMOP Genomic v3: Call for community input,"Gaps and missing elements in OMOP Genomic limit representation of genomic variation, clone-specific information, and clinical genomic testing.",Gather community feedback to guide updates to OMOP Genomic v3 to better support genomic data in cancer research.,major,unresolved,"vocabulary_mapping,community_process",https://forums.ohdsi.org/t/omop-genomic-v3-call-for-community-input/24650
f24669,2025 Q4,CDM Builders,Guidance Needed on Modeling Geographic and Environmental Variables using the GIS Workgroup,Unclear how to model geographic/environmental variables avoiding duplication when identical exposure measured from different geographic bases.,Map geographic and environmental attributes to OMOP external_exposure table while preserving geographic context.,major,partially,"etl_cdm_conversion,data_quality",https://forums.ohdsi.org/t/guidance-needed-on-modeling-geographic-and-environmental-variables-using-the-gis-workgroup/24669
f24694,2025 Q4,Researchers,Looking for OMOP-based rare disease datasets for research,"Limited availability of OMOP CDM datasets with rich rare disease phenotypes, HPO data, or clinical narrative text for validation.",Find or access existing OMOP CDM databases with rare disease cohorts to validate diagnostic delay algorithms.,minor,partially,"characterization,learning_onboarding",https://forums.ohdsi.org/t/looking-for-omop-based-rare-disease-datasets-for-research/24694
f24777,2025 Q4,Researchers,Sharing executable phenotype definitions beyond OHDSI network？,Published phenotype definitions lack implementation detail and are hard to reproduce; sharing across non-OHDSI organizations is difficult.,"Create and share standardized, portable, human-readable phenotype definitions across organizations.",major,unresolved,"cohort_definition,community_process",https://forums.ohdsi.org/t/sharing-executable-phenotype-definitions-beyond-ohdsi-network/24777
f24824,2026 Q1,CDM Builders,Episode Event,"The episode_event table uses indirect linking through field_concept_id and event_id, making ETL and analysis more complex than direct episode_id linking.",Simplify representation of oncology episodes and linked events in the OMOP CDM for more straightforward ETL and analysis implementation.,major,unresolved,"etl_cdm_conversion,infrastructure_deployment",https://forums.ohdsi.org/t/episode-event/24824
f24883,2026 Q1,General,Incorporating omics into the OMOP CDM,"OMOP lacks comprehensive standards for representing omics data such as genetics, transcriptomics, and proteomics within the measurement framework.",Enable representation and analysis of omics data alongside clinical data within the OMOP CDM for genomic and molecular research.,major,partially,vocabulary_mapping,https://forums.ohdsi.org/t/incorporating-omics-into-the-omop-cdm/24883
f24890,2026 Q1,Developers,Seeking input on services that the OHDSI Study Agent will provide,Researchers need better AI-assisted support to move from study ideas to well-specified research questions and computable study specifications.,Develop an AI study agent to support OHDSI researchers in rapidly and accurately determining study feasibility and designing reproducible studies.,minor,unresolved,"community_process,estimation",https://forums.ohdsi.org/t/seeking-input-on-services-that-the-ohdsi-study-agent-will-provide/24890
f24990,2026 Q1,Implementers,Mapping Clinical Trial & Public Research Datasets to OMOP – Experiences?,"Mapping complex clinical trial data such as cognitive scales, randomization variables, and trial-derived outcomes to OMOP is not well standardized.",Develop standardized mappings for clinical trial data elements within the OMOP CDM to enable reproducible and interoperable analyses.,major,partially,"etl_cdm_conversion,vocabulary_mapping",https://forums.ohdsi.org/t/mapping-clinical-trial-public-research-datasets-to-omop-experiences/24990
f25047,2026 Q1,Researchers,Mendelian Randomization,"Most OMOP CDM instances lack genomic data integration, limiting Mendelian Randomization study possibilities.",Conduct federated Mendelian Randomization studies using OMOP CDM data with integrated genomic information.,major,no_reply,prediction_ml,https://forums.ohdsi.org/t/mendelian-randomization/25047
f25308,2026 Q2,Developers,Modifying Reports in Atlas,Atlas cohort and report generation lack built-in capability to stratify results by site in multi-site coordinated research.,Enable site-level stratification in Atlas feasibility queries and person reports.,major,unresolved,characterization,https://forums.ohdsi.org/t/modifying-reports-in-atlas/25308
f25398,2026 Q2,Researchers,Representing germline & somatic variants in OMOP — who's actively using the Genomic CDM extension?,"Limited practical guidance on operationalizing genomic data with OMOP; variant representation, linkage at scale, and genotype-phenotype workflows lack established patterns.",Define patterns for integrating biobank-scale genomic data with OMOP EHR in production network studies.,major,unresolved,"prediction_ml,network_study_execution",https://forums.ohdsi.org/t/representing-germline-somatic-variants-in-omop-whos-actively-using-the-genomic-cdm-extension/25398
f25399,2026 Q2,Researchers,"Adding PRS and variant-carrier status as features in PatientLevelPrediction — encoding, leakage, and cross-ancestry calibration","Genetic features (PRS, variant-carrier status) are time-invariant and off-platform, breaking assumptions of FeatureExtraction and creating encoding, leakage, and cross-ancestry calibration challenges.","Include genetic covariates (PRS, carrier status) in PatientLevelPrediction models with proper encoding and cross-ancestry calibration.",major,unresolved,prediction_ml,https://forums.ohdsi.org/t/adding-prs-and-variant-carrier-status-as-features-in-patientlevelprediction-encoding-leakage-and-cross-ancestry-calibration/25399
f25471,2026 Q2,Researchers,Seeking collaborators — GLP-1 pharmacovigilance using OMOP CDM,,Conduct cross-national pharmacovigilance analysis on GLP-1 receptor agonists using harmonized OMOP CDM data.,none,resolved,"characterization,estimation,network_study_execution",https://forums.ohdsi.org/t/seeking-collaborators-glp-1-pharmacovigilance-using-omop-cdm/25471
f25472,2026 Q2,Researchers,Seeking collaborators — Dengue epidemiology in OMOP CDM (Latin America),,Conduct dengue epidemiology research using administrative health data standardized in OMOP CDM.,none,no_reply,"characterization,network_study_execution",https://forums.ohdsi.org/t/seeking-collaborators-dengue-epidemiology-in-omop-cdm-latin-america/25472
f25547,2026 Q2,Vocabulary Users,T1DX vocabulary as a complex community contribution - request for community feedback,"T1D Exchange data specification includes compound survey concepts that do not map cleanly to OMOP vocabulary, complicating standardization.",Develop OMOP vocabulary mappings for T1D Exchange diabetes data specification to standardize type 1 diabetes research.,major,unresolved,"vocabulary_mapping,data_quality",https://forums.ohdsi.org/t/t1dx-vocabulary-as-a-complex-community-contribution-request-for-community-feedback/25547
f25602,2026 Q3,General,Commercial Solutions for OMOP/OHDSI Research Acceleration,Commercial solutions for OMOP research have failed to gain traction in the OHDSI community despite capability and investment.,,none,partially,community_process,https://forums.ohdsi.org/t/commercial-solutions-for-omop-ohdsi-research-acceleration/25602
f25689,2026 Q3,Researchers,Literature/examples on integrating and validating two independently-OMOP'd datasets?,"When combining two independently-OMOPed datasets, it is unclear how to validate consistency between them, risking results that reflect mapping differences rather than true data differences.",Validate semantic consistency between two independently-converted OMOP instances before combining them in multi-site analysis.,major,partially,"etl_cdm_conversion,data_quality,network_study_execution",https://forums.ohdsi.org/t/literature-examples-on-integrating-and-validating-two-independently-omopd-datasets/25689
f25730,2026 Q3,Implementers,Call for collaborators: detecting cross-site semantic divergence before network studies,"When two sites both report the same cohort, they may encode concepts differently due to local practices, causing study results to be silently wrong without surfacing in standard data quality tools.",Detect semantic divergence of concept definitions across sites before network studies to ensure cohort comparability.,major,unresolved,"data_quality,network_study_execution",https://forums.ohdsi.org/t/call-for-collaborators-detecting-cross-site-semantic-divergence-before-network-studies/25730
f25739,2026 Q3,Researchers,When a clinical criterion isn’t directly observable in OMOP data,"Clinical trial criteria not directly observable in OMOP data require proxy encoding at some sites but not others, making it hard to distinguish missing data from no-eligible-patients in multi-site studies.",Handle and document clinical trial eligibility criteria that are not directly observable in OMOP data across multiple sites.,major,partially,"cohort_definition,characterization",https://forums.ohdsi.org/t/when-a-clinical-criterion-isn-t-directly-observable-in-omop-data/25739
f25807,2026 Q3,Implementers,"Required ""OMOP"" resources & capabilities at a hospital or healthcare region","Healthcare organizations lack clarity on what resources, staffing, and capabilities are required to establish and sustain a long-term OMOP infrastructure.",Determine staffing model and resource requirements for implementing and maintaining OMOP infrastructure at a healthcare organization.,major,no_reply,infrastructure_deployment,https://forums.ohdsi.org/t/required-omop-resources-capabilities-at-a-hospital-or-healthcare-region/25807
f25861,2026 Q3,Vocabulary Users,"ICD10CM G23.1 maps to sibling SNOMED concept, unreachable from PSP ancestor via CONCEPT_ANCESTOR","ICD-10-CM code G23.1 is not reachable through CONCEPT_ANCESTOR hierarchy, causing ATLAS cohort definitions to miss all patients coded with this PSP code.",Build cohort definitions for Progressive Supranuclear Palsy that capture all patients coded with ICD-10-CM G23.1 using CONCEPT_ANCESTOR.,blocker,unresolved,"vocabulary_mapping,cohort_definition",https://forums.ohdsi.org/t/icd10cm-g23-1-maps-to-sibling-snomed-concept-unreachable-from-psp-ancestor-via-concept-ancestor/25861
f25870,2026 Q3,Vocabulary Users,Using CONCEPT_ANCESTOR to generate ICD-10-CM code lists for EHR source queries — findings from three clinical domains,Using CONCEPT_ANCESTOR to map SNOMED to ICD-10-CM for EHR queries produces incomplete code lists missing thousands of patients compared to manual enumeration.,Build hierarchy-based EHR cohort definitions that self-maintain across ICD-10-CM updates without manual enumeration.,major,unresolved,"vocabulary_mapping,cohort_definition,data_quality",https://forums.ohdsi.org/t/using-concept-ancestor-to-generate-icd-10-cm-code-lists-for-ehr-source-queries-findings-from-three-clinical-domains/25870
f25916,2026 Q3,General,How to marry cost and care through coding and outcomes data,,Connect cost data with health outcomes to understand how coding and compensation models affect volume versus value in healthcare systems.,none,partially,community_process,https://forums.ohdsi.org/t/how-to-marry-cost-and-care-through-coding-and-outcomes-data/25916
f25954,2026 Q3,General,OHDSI Boston Node,,Start a regional OHDSI node in Boston to generate public health evidence through federated network studies.,none,partially,"community_process,network_study_execution",https://forums.ohdsi.org/t/ohdsi-boston-node/25954
f25994,2026 Q3,Researchers,Seeking Collaborators: Understanding Site-specific Data Differences,,Understand and detect site-specific data differences that impact analysis validity across multiple OHDSI datasets.,none,no_reply,"data_quality,learning_onboarding",https://forums.ohdsi.org/t/seeking-collaborators-understanding-site-specific-data-differences/25994
f26050,2026 Q3,Researchers,Drug Dose Data,"Sites map drugs to different granularity levels and populate quantity differently, preventing consistent dose derivation across sites.",Calculate drug dose consistently across multiple OMOP sites despite variation in drug mapping and quantity representation.,major,no_reply,"network_study_execution,data_quality,characterization",https://forums.ohdsi.org/t/drug-dose-data/26050
